{
    "counter": {
        "ACTIVE": 19643,
        "INACTIVE": 1357,
        "INVALID": 0,
        "MALICIOUS": 0,
        "SANE": 0,
        "VALID": 0,
        "total": 21000
    },
    "percentage": {
        "ACTIVE": 93.53809523809524,
        "INACTIVE": 6.464367378048781,
        "INVALID": 0,
        "MALICIOUS": 0,
        "SANE": 0,
        "VALID": 0,
        "total": 100.00246261614402
    }
}