{
    "counter": {
        "ACTIVE": 15941,
        "INACTIVE": 5058,
        "INVALID": 0,
        "MALICIOUS": 0,
        "SANE": 0,
        "VALID": 0,
        "total": 20999
    },
    "percentage": {
        "ACTIVE": 75.91313872089147,
        "INACTIVE": 24.089155593656237,
        "INVALID": 0,
        "MALICIOUS": 0,
        "SANE": 0,
        "VALID": 0,
        "total": 100.0022943145477
    }
}