{
    "counter": {
        "ACTIVE": 15765,
        "INACTIVE": 5234,
        "INVALID": 0,
        "MALICIOUS": 0,
        "SANE": 0,
        "VALID": 0,
        "total": 20999
    },
    "percentage": {
        "ACTIVE": 75.07500357159864,
        "INACTIVE": 24.92618344604248,
        "INVALID": 0,
        "MALICIOUS": 0,
        "SANE": 0,
        "VALID": 0,
        "total": 100.00118701764112
    }
}