{
    "counter": {
        "ACTIVE": 15716,
        "INACTIVE": 5283,
        "INVALID": 0,
        "MALICIOUS": 0,
        "SANE": 0,
        "VALID": 0,
        "total": 20999
    },
    "percentage": {
        "ACTIVE": 74.84165912662507,
        "INACTIVE": 25.159539003714638,
        "INVALID": 0,
        "MALICIOUS": 0,
        "SANE": 0,
        "VALID": 0,
        "total": 100.00119813033972
    }
}