{
    "counter": {
        "ACTIVE": 16049,
        "INACTIVE": 4950,
        "INVALID": 0,
        "MALICIOUS": 0,
        "SANE": 0,
        "VALID": 0,
        "total": 20999
    },
    "percentage": {
        "ACTIVE": 76.42744892613933,
        "INACTIVE": 23.574796399485642,
        "INVALID": 0,
        "MALICIOUS": 0,
        "SANE": 0,
        "VALID": 0,
        "total": 100.00224532562498
    }
}