{
    "counter": {
        "ACTIVE": 14340,
        "INACTIVE": 6659,
        "INVALID": 0,
        "MALICIOUS": 0,
        "SANE": 0,
        "VALID": 0,
        "total": 20999
    },
    "percentage": {
        "ACTIVE": 68.28896614124483,
        "INACTIVE": 31.71103385875518,
        "INVALID": 0.0,
        "MALICIOUS": 0.0,
        "SANE": 0.0,
        "VALID": 0.0,
        "total": 100.0
    }
}