{
    "counter": {
        "ACTIVE": 14755,
        "INACTIVE": 6244,
        "INVALID": 0,
        "MALICIOUS": 0,
        "SANE": 0,
        "VALID": 0,
        "total": 20999
    },
    "percentage": {
        "ACTIVE": 70.26525072622506,
        "INACTIVE": 29.73474927377494,
        "INVALID": 0.0,
        "MALICIOUS": 0.0,
        "SANE": 0.0,
        "VALID": 0.0,
        "total": 100.0
    }
}