{
    "counter": {
        "ACTIVE": 14660,
        "INACTIVE": 6339,
        "INVALID": 0,
        "MALICIOUS": 0,
        "SANE": 0,
        "VALID": 0,
        "total": 20999
    },
    "percentage": {
        "ACTIVE": 69.81284823086814,
        "INACTIVE": 30.187151769131862,
        "INVALID": 0.0,
        "MALICIOUS": 0.0,
        "SANE": 0.0,
        "VALID": 0.0,
        "total": 100.0
    }
}