{
    "counter": {
        "ACTIVE": 15926,
        "INACTIVE": 5073,
        "INVALID": 0,
        "MALICIOUS": 0,
        "SANE": 0,
        "VALID": 0,
        "total": 20999
    },
    "percentage": {
        "ACTIVE": 75.84170674794038,
        "INACTIVE": 24.160594370624374,
        "INVALID": 0,
        "MALICIOUS": 0,
        "SANE": 0,
        "VALID": 0,
        "total": 100.00230111856476
    }
}