{
    "counter": {
        "ACTIVE": 16263,
        "INACTIVE": 4736,
        "INVALID": 0,
        "MALICIOUS": 0,
        "SANE": 0,
        "VALID": 0,
        "total": 20999
    },
    "percentage": {
        "ACTIVE": 77.44654507357494,
        "INACTIVE": 22.555603181406866,
        "INVALID": 0,
        "MALICIOUS": 0,
        "SANE": 0,
        "VALID": 0,
        "total": 100.0021482549818
    }
}