{
    "counter": {
        "ACTIVE": 16676,
        "INACTIVE": 4323,
        "INVALID": 1,
        "MALICIOUS": 0,
        "SANE": 0,
        "VALID": 0,
        "total": 21000
    },
    "percentage": {
        "ACTIVE": 79.43600247701615,
        "INACTIVE": 20.585714285714285,
        "INVALID": 0.006866245536940401,
        "MALICIOUS": 0,
        "SANE": 0,
        "VALID": 0,
        "total": 100.02858300826738
    }
}