{
    "counter": {
        "ACTIVE": 15099,
        "INACTIVE": 5900,
        "INVALID": 0,
        "MALICIOUS": 0,
        "SANE": 0,
        "VALID": 0,
        "total": 20999
    },
    "percentage": {
        "ACTIVE": 71.90342397257012,
        "INACTIVE": 28.096576027429876,
        "INVALID": 0.0,
        "MALICIOUS": 0.0,
        "SANE": 0.0,
        "VALID": 0.0,
        "total": 100.0
    }
}