{
    "counter": {
        "ACTIVE": 14119,
        "INACTIVE": 6880,
        "INVALID": 0,
        "MALICIOUS": 0,
        "SANE": 0,
        "VALID": 0,
        "total": 20999
    },
    "percentage": {
        "ACTIVE": 67.23653507309872,
        "INACTIVE": 32.76346492690128,
        "INVALID": 0.0,
        "MALICIOUS": 0.0,
        "SANE": 0.0,
        "VALID": 0.0,
        "total": 100.0
    }
}