{
    "counter": {
        "ACTIVE": 17224,
        "INACTIVE": 3776,
        "INVALID": 0,
        "MALICIOUS": 0,
        "SANE": 0,
        "VALID": 0,
        "total": 21000
    },
    "percentage": {
        "ACTIVE": 82.01904761904763,
        "INACTIVE": 17.98266501571578,
        "INVALID": 0,
        "MALICIOUS": 0,
        "SANE": 0,
        "VALID": 0,
        "total": 100.00171263476341
    }
}